epoch;acc;loss
0;0.3250192975685064;1.7891219616488387
1;0.4097577453913715;1.4857405500860246
2;0.42119486536048645;1.4434545690771028
